id,meta__yoast_wpseo_meta-robots-nofollow,meta__yoast_wpseo_meta-robots-noindex
361811,1,1
361078,1,1
361077,1,1
361076,1,1
361075,1,1
361074,1,1
361073,1,1
361072,1,1
361071,1,1
361070,1,1
361069,1,1
361068,1,1
361067,1,1
361066,1,1
361065,1,1
361064,1,1
361063,1,1
361062,1,1
361061,1,1
361060,1,1
361059,1,1
361058,1,1
361057,1,1
361056,1,1
361055,1,1
361054,1,1
361053,1,1
361052,1,1
361051,1,1
361050,1,1
361049,1,1
361048,1,1
361047,1,1
361046,1,1
361045,1,1
361044,1,1
361043,1,1
361042,1,1
361041,1,1
361040,1,1
361039,1,1
361038,1,1
361037,1,1
361036,1,1
361035,1,1
361034,1,1
361033,1,1
361032,1,1
361031,1,1
361030,1,1
361029,1,1
361028,1,1
361027,1,1
361026,1,1
361025,1,1
361024,1,1
361023,1,1
361022,1,1
361021,1,1
361020,1,1
361019,1,1
361018,1,1
361017,1,1
361016,1,1
361015,1,1
361014,1,1
361013,1,1
361012,1,1
361011,1,1
361010,1,1
361009,1,1
361008,1,1
361007,1,1
361006,1,1
361005,1,1
361004,1,1
361003,1,1
361002,1,1
361001,1,1
361000,1,1
360999,1,1
360998,1,1
360997,1,1
360996,1,1
360995,1,1
360994,1,1
360993,1,1
360992,1,1
360991,1,1
360990,1,1
360989,1,1
360988,1,1
360987,1,1
360986,1,1
360985,1,1
360984,1,1
360983,1,1
360982,1,1
360981,1,1
360980,1,1
360979,1,1
360978,1,1
360977,1,1
360976,1,1
360975,1,1
360974,1,1
360973,1,1
360972,1,1
360971,1,1
360970,1,1
360969,1,1
360968,1,1
360967,1,1
360966,1,1
360965,1,1
360964,1,1
360963,1,1
360962,1,1
360961,1,1
360960,1,1
360959,1,1
360958,1,1
360957,1,1
360956,1,1
360955,1,1
360954,1,1
360953,1,1
360952,1,1
360951,1,1
360950,1,1
360949,1,1
360948,1,1
360947,1,1
360946,1,1
360945,1,1
360944,1,1
360943,1,1
360942,1,1
360941,1,1
360940,1,1
360939,1,1
360938,1,1
360937,1,1
360936,1,1
360935,1,1
360934,1,1
360933,1,1
360932,1,1
360931,1,1
360930,1,1
360929,1,1
360928,1,1
360927,1,1
360926,1,1
360925,1,1
360924,1,1
360923,1,1
360922,1,1
360921,1,1
360920,1,1
360919,1,1
360918,1,1
360917,1,1
360916,1,1
360915,1,1
360914,1,1
360913,1,1
360912,1,1
360911,1,1
360910,1,1
360909,1,1
360908,1,1
360907,1,1
360906,1,1
360905,1,1
360904,1,1
360903,1,1
360902,1,1
360901,1,1
360900,1,1
360899,1,1
360898,1,1
360897,1,1
360896,1,1
360895,1,1
360894,1,1
360893,1,1
360892,1,1
360891,1,1
360890,1,1
360889,1,1
360888,1,1
360887,1,1
360886,1,1
360885,1,1
360884,1,1
360883,1,1
360882,1,1
360881,1,1
360880,1,1
360879,1,1
360878,1,1
360877,1,1
360876,1,1
360875,1,1
360874,1,1
360873,1,1
360872,1,1
360871,1,1
360870,1,1
360869,1,1
360868,1,1
360867,1,1
360866,1,1
360865,1,1
360864,1,1
360863,1,1
360862,1,1
360861,1,1
360860,1,1
360859,1,1
360858,1,1
360857,1,1
360856,1,1
360855,1,1
360854,1,1
360853,1,1
360852,1,1
360851,1,1
360850,1,1
360849,1,1
360848,1,1
360847,1,1
360846,1,1
360845,1,1
360844,1,1
360843,1,1
360842,1,1
360841,1,1
360840,1,1
360839,1,1
360838,1,1
360837,1,1
360836,1,1
360835,1,1
360834,1,1
360833,1,1
360832,1,1
360831,1,1
360830,1,1
360829,1,1
360828,1,1
360827,1,1
360826,1,1
360825,1,1
360824,1,1
360823,1,1
360822,1,1
360821,1,1
360820,1,1
360819,1,1
360818,1,1
360817,1,1
360816,1,1
360815,1,1
360814,1,1
360813,1,1
360812,1,1
360811,1,1
360810,1,1
360809,1,1
360808,1,1
360807,1,1
360806,1,1
360805,1,1
360804,1,1
360803,1,1
360802,1,1
360801,1,1
360800,1,1
360799,1,1
360798,1,1
360797,1,1
360796,1,1
360795,1,1
360794,1,1
360793,1,1
360792,1,1
360791,1,1
360790,1,1
360789,1,1
360788,1,1
360787,1,1
360786,1,1
360785,1,1
360784,1,1
360783,1,1
360782,1,1
360781,1,1
360780,1,1
360779,1,1
360778,1,1
360777,1,1
360776,1,1
360775,1,1
360774,1,1
360773,1,1
360772,1,1
360771,1,1
360770,1,1
360769,1,1
360768,1,1
360767,1,1
360766,1,1
360765,1,1
360764,1,1
360763,1,1
360762,1,1
360761,1,1
360760,1,1
360759,1,1
360758,1,1
360757,1,1
360756,1,1
360755,1,1
360754,1,1
360753,1,1
360752,1,1
360751,1,1
360750,1,1
360749,1,1
360748,1,1
360747,1,1
360746,1,1
360745,1,1
360744,1,1
360743,1,1
360742,1,1
360741,1,1
360740,1,1
360739,1,1
360738,1,1
360737,1,1
360736,1,1
360735,1,1
360734,1,1
360733,1,1
360732,1,1
360731,1,1
360730,1,1
360729,1,1
360728,1,1
360727,1,1
360726,1,1
360725,1,1
360724,1,1
360723,1,1
360722,1,1
360721,1,1
360720,1,1
360719,1,1
360718,1,1
360717,1,1
360716,1,1
360715,1,1
360714,1,1
360713,1,1
360712,1,1
360711,1,1
360710,1,1
360709,1,1
360708,1,1
360707,1,1
360706,1,1
360705,1,1
360704,1,1
360703,1,1
360702,1,1
360701,1,1
360700,1,1
360699,1,1
360698,1,1
360697,1,1
360696,1,1
360695,1,1
360694,1,1
360693,1,1
360692,1,1
360691,1,1
360690,1,1
360689,1,1
360688,1,1
360687,1,1
360686,1,1
360685,1,1
360684,1,1
360683,1,1
360682,1,1
360681,1,1
360680,1,1
360679,1,1
360678,1,1
360677,1,1
360676,1,1
360675,1,1
360674,1,1
360673,1,1
360672,1,1
360671,1,1
360670,1,1
360669,1,1
360668,1,1
360667,1,1
360666,1,1
360665,1,1
360664,1,1
360663,1,1
360662,1,1
360661,1,1
360660,1,1
360659,1,1
360658,1,1
360657,1,1
360656,1,1
360655,1,1
360654,1,1
360653,1,1
360652,1,1
360651,1,1
360650,1,1
360649,1,1
360648,1,1
360647,1,1
360646,1,1
360645,1,1
360644,1,1
360643,1,1
360642,1,1
360641,1,1
360640,1,1
360639,1,1
360638,1,1
360637,1,1
360636,1,1
360635,1,1
360634,1,1
360633,1,1
360632,1,1
360631,1,1
360630,1,1
360629,1,1
360628,1,1
360627,1,1
360626,1,1
360625,1,1
360624,1,1
360623,1,1
360622,1,1
360621,1,1
360620,1,1
360619,1,1
360618,1,1
360617,1,1
360616,1,1
360615,1,1
360614,1,1
360613,1,1
360612,1,1
360611,1,1
360610,1,1
360609,1,1
360608,1,1
360607,1,1
360606,1,1
360605,1,1
360604,1,1
360603,1,1
360602,1,1
360601,1,1
360600,1,1
360599,1,1
360598,1,1
360597,1,1
360596,1,1
360595,1,1
360594,1,1
360593,1,1
360592,1,1
360591,1,1
360590,1,1
360589,1,1
360588,1,1
360587,1,1
360586,1,1
360585,1,1
360584,1,1
360583,1,1
360582,1,1
360581,1,1
360580,1,1
360579,1,1
360578,1,1
360577,1,1
360576,1,1
360575,1,1
360574,1,1
360573,1,1
360572,1,1
360571,1,1
360570,1,1
360569,1,1
360568,1,1
360567,1,1
360566,1,1
360565,1,1
360564,1,1
360563,1,1
360562,1,1
360561,1,1
360560,1,1
360559,1,1
360558,1,1
360557,1,1
360556,1,1
360555,1,1
360554,1,1
360553,1,1
360552,1,1
360551,1,1
360550,1,1
360549,1,1
360548,1,1
360547,1,1
360546,1,1
360545,1,1
360544,1,1
360543,1,1
360542,1,1
360541,1,1
360540,1,1
360539,1,1
360538,1,1
360537,1,1
360536,1,1
360535,1,1
360534,1,1
360533,1,1
360532,1,1
360531,1,1
360530,1,1
360529,1,1
360528,1,1
360527,1,1
360526,1,1
360525,1,1
360524,1,1
360523,1,1
360522,1,1
360521,1,1
360520,1,1
360519,1,1
360518,1,1
360517,1,1
360516,1,1
360515,1,1
360514,1,1
360513,1,1
360512,1,1
360511,1,1
360510,1,1
360509,1,1
360508,1,1
360507,1,1
360506,1,1
360505,1,1
360504,1,1
360503,1,1
360502,1,1
360501,1,1
360500,1,1
360499,1,1
360498,1,1
360497,1,1
360496,1,1
360495,1,1
360494,1,1
360493,1,1
360492,1,1
360491,1,1
360490,1,1
360489,1,1
360488,1,1
360487,1,1
360486,1,1
360485,1,1
360484,1,1
360483,1,1
360482,1,1
360481,1,1
360480,1,1
360479,1,1
360478,1,1
360477,1,1
360476,1,1
360475,1,1
360474,1,1
360473,1,1
360472,1,1
360471,1,1
360470,1,1
360469,1,1
360468,1,1
360467,1,1
360466,1,1
360465,1,1
360464,1,1
360463,1,1
360462,1,1
360461,1,1
360460,1,1
360459,1,1
360458,1,1
360457,1,1
360456,1,1
360455,1,1
360454,1,1
360453,1,1
360452,1,1
360451,1,1
360450,1,1
360449,1,1
360448,1,1
360447,1,1
360446,1,1
360445,1,1
360444,1,1
360443,1,1
360442,1,1
360441,1,1
360440,1,1
360439,1,1
360438,1,1
360437,1,1
360436,1,1
360435,1,1
360434,1,1
360433,1,1
360432,1,1
360431,1,1
360430,1,1
360429,1,1
360428,1,1
360427,1,1
360426,1,1
360425,1,1
360424,1,1
360423,1,1
360422,1,1
360421,1,1
360420,1,1
360419,1,1
360418,1,1
360417,1,1
360416,1,1
360415,1,1
360414,1,1
360413,1,1
360412,1,1
360411,1,1
360410,1,1
360409,1,1
360408,1,1
360407,1,1
360406,1,1
360405,1,1
360404,1,1
360403,1,1
360402,1,1
360401,1,1
360400,1,1
360399,1,1
360398,1,1
360397,1,1
360396,1,1
360395,1,1
360394,1,1
360393,1,1
360392,1,1
360391,1,1
360390,1,1
360389,1,1
360388,1,1
360387,1,1
360386,1,1
360385,1,1
360384,1,1
360383,1,1
360382,1,1
360381,1,1
360380,1,1
360379,1,1
360378,1,1
360377,1,1
360376,1,1
360375,1,1
360374,1,1
360373,1,1
360372,1,1
360371,1,1
360370,1,1
360369,1,1
360368,1,1
360367,1,1
360366,1,1
360365,1,1
360364,1,1
360363,1,1
360362,1,1
360361,1,1
360360,1,1
360359,1,1
360358,1,1
360357,1,1
360356,1,1
360355,1,1
360354,1,1
360353,1,1
360352,1,1
360351,1,1
360350,1,1
360349,1,1
360348,1,1
360347,1,1
360346,1,1
360345,1,1
360344,1,1
360343,1,1
360342,1,1
360341,1,1
360340,1,1
360339,1,1
360338,1,1
360337,1,1
360336,1,1
360335,1,1
360334,1,1
360333,1,1
360332,1,1
360331,1,1
360330,1,1
360329,1,1
360328,1,1
360327,1,1
360326,1,1
360325,1,1
360324,1,1
360323,1,1
360322,1,1
360321,1,1
360320,1,1
360319,1,1
360318,1,1
360317,1,1
360316,1,1
360315,1,1
360314,1,1
360313,1,1
360312,1,1
360311,1,1
360310,1,1
360309,1,1
360308,1,1
360307,1,1
360306,1,1
360305,1,1
360304,1,1
360303,1,1
360302,1,1
360301,1,1
360300,1,1
360299,1,1
360298,1,1
360297,1,1
360296,1,1
360295,1,1
360294,1,1
360293,1,1
360292,1,1
360291,1,1
360290,1,1
360289,1,1
360288,1,1
360287,1,1
360286,1,1
360285,1,1
360284,1,1
360283,1,1
360282,1,1
360281,1,1
360280,1,1
360279,1,1
360278,1,1
360277,1,1
360276,1,1
360275,1,1
360274,1,1
360273,1,1
360272,1,1
360271,1,1
360270,1,1
360269,1,1
360268,1,1
360267,1,1
360266,1,1
360265,1,1
360264,1,1
360263,1,1
360262,1,1
360261,1,1
360260,1,1
360259,1,1
360258,1,1
360257,1,1
360256,1,1
360255,1,1
360254,1,1
360253,1,1
360252,1,1
360251,1,1
360250,1,1
360249,1,1
360248,1,1
360247,1,1
360246,1,1
360245,1,1
360244,1,1
360243,1,1
360242,1,1
360241,1,1
360240,1,1
360239,1,1
360238,1,1
360237,1,1
360236,1,1
360235,1,1
360234,1,1
360233,1,1
360232,1,1
360231,1,1
360230,1,1
360229,1,1
360228,1,1
360227,1,1
360226,1,1
360225,1,1
360224,1,1
360223,1,1
360222,1,1
360221,1,1
360220,1,1
360219,1,1
360218,1,1
360217,1,1
360216,1,1
360215,1,1
360214,1,1
360213,1,1
360212,1,1
360211,1,1
360210,1,1
360209,1,1
360208,1,1
360207,1,1
360206,1,1
360205,1,1
360204,1,1
360203,1,1
360202,1,1
360201,1,1
360200,1,1
360199,1,1
360198,1,1
360197,1,1
360196,1,1
360195,1,1
360194,1,1
360193,1,1
360192,1,1
360191,1,1
360190,1,1
360189,1,1
360188,1,1
360187,1,1
360186,1,1
360185,1,1
360184,1,1
360183,1,1
360182,1,1
360181,1,1
360180,1,1
360179,1,1
360178,1,1
360177,1,1
360176,1,1
360175,1,1
360174,1,1
360173,1,1
360172,1,1
360171,1,1
360170,1,1
360169,1,1
360168,1,1
360167,1,1
360166,1,1
360165,1,1
360164,1,1
360163,1,1
360162,1,1
360161,1,1
360160,1,1
360159,1,1
360158,1,1
360157,1,1
360156,1,1
360155,1,1
360154,1,1
360153,1,1
360152,1,1
360151,1,1
360150,1,1
360149,1,1
360148,1,1
360147,1,1
360146,1,1
360145,1,1
360144,1,1
360143,1,1
360142,1,1
360141,1,1
360140,1,1
360139,1,1
360138,1,1
360137,1,1
360136,1,1
360135,1,1
360134,1,1
360133,1,1
360132,1,1
360131,1,1
360130,1,1
360129,1,1
360128,1,1
360127,1,1
360126,1,1
360125,1,1
360124,1,1
360123,1,1
360122,1,1
360121,1,1
360120,1,1
360119,1,1
360118,1,1
360117,1,1
360116,1,1
360115,1,1
360114,1,1
360113,1,1
360112,1,1
360111,1,1
360110,1,1
360109,1,1
360108,1,1
360107,1,1
360106,1,1
360105,1,1
360104,1,1
360103,1,1
360102,1,1
360101,1,1
360100,1,1
360099,1,1
360098,1,1
360097,1,1
360096,1,1
360095,1,1
360094,1,1
360093,1,1
360092,1,1
360091,1,1
360090,1,1
360089,1,1
360088,1,1
360087,1,1
360086,1,1
360085,1,1
360083,1,1
360082,1,1
360081,1,1
360080,1,1
360079,1,1
360078,1,1
360077,1,1
360076,1,1
360075,1,1
360074,1,1
360073,1,1
360072,1,1
360071,1,1
360070,1,1
360069,1,1
360068,1,1
360067,1,1
360066,1,1
360065,1,1
360064,1,1
360063,1,1
360062,1,1
360061,1,1
360060,1,1
360059,1,1
360058,1,1
360057,1,1
360056,1,1
360055,1,1
360054,1,1
360053,1,1
360052,1,1
360051,1,1
360050,1,1
360049,1,1
360048,1,1
360047,1,1
360046,1,1
360045,1,1
360044,1,1
360043,1,1
360042,1,1
360041,1,1
360040,1,1
360039,1,1
360038,1,1
360037,1,1
360036,1,1
360035,1,1
360034,1,1
360033,1,1
360032,1,1
360031,1,1
360030,1,1
360029,1,1
360028,1,1
360027,1,1
360026,1,1
360025,1,1
360024,1,1
360023,1,1
360022,1,1
360021,1,1
360020,1,1
360019,1,1
360018,1,1
360017,1,1
360016,1,1
360015,1,1
360014,1,1
360013,1,1
360012,1,1
360011,1,1
360010,1,1
360009,1,1
360008,1,1
360007,1,1
360006,1,1
360005,1,1
360004,1,1
360003,1,1
360002,1,1
360001,1,1
360000,1,1
359999,1,1
359998,1,1
359997,1,1
359996,1,1
359995,1,1
359994,1,1
359993,1,1
359992,1,1
359991,1,1
359990,1,1
359989,1,1
359988,1,1
359987,1,1
359986,1,1
359985,1,1
359984,1,1
359983,1,1
359982,1,1
359981,1,1
359980,1,1
359979,1,1
359978,1,1
359977,1,1
359976,1,1
359975,1,1
359974,1,1
359973,1,1
359972,1,1
359971,1,1
359970,1,1
359969,1,1
359968,1,1
359967,1,1
359966,1,1
359965,1,1
359964,1,1
359963,1,1
359962,1,1
359961,1,1
359960,1,1
359959,1,1
359958,1,1
359957,1,1
359956,1,1
359955,1,1
359954,1,1
359953,1,1
359952,1,1
359951,1,1
359950,1,1
359949,1,1
359948,1,1
359947,1,1
359946,1,1
359945,1,1
359944,1,1
359943,1,1
359942,1,1
359941,1,1
359940,1,1
359939,1,1
359938,1,1
359937,1,1
359936,1,1
359935,1,1
359934,1,1
359933,1,1
359932,1,1
359931,1,1
359930,1,1
359929,1,1
359928,1,1
359927,1,1
359926,1,1
359925,1,1
359924,1,1
359923,1,1
359922,1,1
359921,1,1
359920,1,1
359919,1,1
359918,1,1
359917,1,1
359916,1,1
359915,1,1
359914,1,1
359913,1,1
359912,1,1
359911,1,1
359910,1,1
359909,1,1
359908,1,1
359907,1,1
359906,1,1
359905,1,1
359904,1,1
359903,1,1
359902,1,1
359901,1,1
359886,1,1
359887,1,1
359888,1,1
359889,1,1
359890,1,1
359891,1,1
359892,1,1
359893,1,1
359894,1,1
359895,1,1
359896,1,1
359897,1,1
359898,1,1
359899,1,1
359900,1,1
359857,1,1
359858,1,1
359859,1,1
359860,1,1
359861,1,1
359862,1,1
359863,1,1
359864,1,1
359865,1,1
359866,1,1
359867,1,1
359868,1,1
359869,1,1
359870,1,1
359871,1,1
359872,1,1
359873,1,1
359874,1,1
359875,1,1
359876,1,1
359877,1,1
359878,1,1
359879,1,1
359880,1,1
359881,1,1
359882,1,1
359883,1,1
359884,1,1
359885,1,1
359854,1,1
359855,1,1
359856,1,1
359836,1,1
359837,1,1
359838,1,1
359839,1,1
359840,1,1
359841,1,1
359842,1,1
359843,1,1
359844,1,1
359845,1,1
359846,1,1
359847,1,1
359848,1,1
359849,1,1
359850,1,1
359851,1,1
359852,1,1
359853,1,1
359821,1,1
359822,1,1
359823,1,1
359824,1,1
359825,1,1
359826,1,1
359827,1,1
359828,1,1
359829,1,1
359830,1,1
359831,1,1
359832,1,1
359833,1,1
359834,1,1
359835,1,1
359773,1,1
359774,1,1
359775,1,1
359776,1,1
359777,1,1
359778,1,1
359779,1,1
359780,1,1
359781,1,1
359782,1,1
359783,1,1
359784,1,1
359785,1,1
359786,1,1
359787,1,1
359788,1,1
359789,1,1
359790,1,1
359791,1,1
359792,1,1
359793,1,1
359794,1,1
359795,1,1
359796,1,1
359797,1,1
359798,1,1
359799,1,1
359800,1,1
359801,1,1
359802,1,1
359803,1,1
359804,1,1
359805,1,1
359806,1,1
359807,1,1
359808,1,1
359809,1,1
359810,1,1
359811,1,1
359812,1,1
359813,1,1
359814,1,1
359815,1,1
359816,1,1
359817,1,1
359818,1,1
359819,1,1
359820,1,1
359753,1,1
359754,1,1
359755,1,1
359756,1,1
359757,1,1
359758,1,1
359759,1,1
359760,1,1
359761,1,1
359762,1,1
359763,1,1
359764,1,1
359765,1,1
359766,1,1
359767,1,1
359768,1,1
359769,1,1
359770,1,1
359771,1,1
359772,1,1
359752,1,1
359743,1,1
359744,1,1
359745,1,1
359746,1,1
359747,1,1
359748,1,1
359749,1,1
359750,1,1
359751,1,1
359742,1,1
359741,1,1
359740,1,1
359732,1,1
359733,1,1
359734,1,1
359735,1,1
359736,1,1
359737,1,1
359738,1,1
359739,1,1
359725,1,1
359726,1,1
359727,1,1
359728,1,1
359729,1,1
359730,1,1
359731,1,1
359713,1,1
359714,1,1
359715,1,1
359716,1,1
359717,1,1
359718,1,1
359719,1,1
359720,1,1
359721,1,1
359722,1,1
359723,1,1
359724,1,1
359712,1,1
359711,1,1
359710,1,1